{
  "database_info": {
    "name": "Ticinese Language - History & Cultural Facts",
    "language": "Ticinese (Western Lombard Alpine Dialect)",
    "version": "1.0",
    "last_updated": "2025-11-04"
  },
  "timeline": [
    {
      "period": "1000-1200 CE",
      "title": "Divergence from Latin",
      "description": "As the Roman Empire collapsed, Latin spoken in the Alpine regions began evolving independently. The isolated mountain valleys of Ticino developed distinct linguistic features, diverging from what would become Standard Italian in central Italy.",
      "significance": "Birth of Western Lombard dialects"
    },
    {
      "period": "1200-1400 CE",
      "title": "Stabilization of Western Lombard",
      "description": "The Ticinese dialect crystallized its core grammatical structures during this period. The four-conjugation verb system, mandatory subject clitics, and characteristic vowel sounds (ö, ü) became established features. Trade routes through Alpine passes spread Lombard dialects across the region.",
      "significance": "Formation of distinct Ticinese identity"
    },
    {
      "period": "1403-1798",
      "title": "Swiss Confederation Era",
      "description": "Canton Ticino came under Swiss control, creating political separation from Lombardy while maintaining linguistic and cultural ties to Northern Italy. This unique position preserved Ticinese while exposing it to German and French Swiss influences.",
      "significance": "Political Swiss, culturally Italian"
    },
    {
      "period": "1500-1800",
      "title": "Oral Tradition Period",
      "description": "Ticinese thrived primarily as a spoken language. Village storytellers, folk songs, and family histories passed down vocabulary and expressions. Written Italian was used for official documents, but daily life was conducted entirely in Ticinese.",
      "significance": "Rich oral literary tradition developed"
    },
    {
      "period": "1803",
      "title": "Canton Ticino Established",
      "description": "Napoleon's Act of Mediation officially created Canton Ticino as part of Switzerland. Italian became the official written language, while Ticinese remained the primary spoken dialect in villages and homes.",
      "significance": "Modern political boundaries established"
    },
    {
      "period": "1850-1915",
      "title": "Peak Emigration Era",
      "description": "Economic hardship in the Alpine regions drove massive emigration to the Americas, particularly the United States, Argentina, and Brazil. Ticinese-speaking families carried their dialect overseas, creating diaspora communities. This is the target period for your family's heritage language.",
      "significance": "Dialect preserved in immigrant communities",
      "emigration_destinations": ["United States (California, Nevada, New York)", "Argentina (Buenos Aires)", "Brazil (São Paulo)", "Uruguay"]
    },
    {
      "period": "1890-1920",
      "title": "Transatlantic Ticinese",
      "description": "In American cities like San Francisco and New York, Ticinese immigrants formed tight-knit communities. They maintained their dialect in homes, churches, and social clubs. Children grew up bilingual, speaking Ticinese at home and English in school.",
      "significance": "Dialect preservation through diaspora"
    },
    {
      "period": "1900-1950",
      "title": "Industrialization & Language Shift",
      "description": "In Switzerland, industrialization brought standardization pressures. Schools taught Standard Italian. Radio and newspapers used Italian, not dialect. Rural villages maintained Ticinese, but urban areas saw language shift.",
      "significance": "Beginning of dialect decline in cities"
    },
    {
      "period": "1960-2000",
      "title": "Dialect Endangerment",
      "description": "Television, mass media, and increased mobility threatened Ticinese. Younger generations increasingly used Standard Italian. However, regional pride movements began valuing dialect as cultural heritage. The Centro di dialettologia e di etnografia (CDE) was founded to document Ticinese.",
      "significance": "Academic preservation efforts begin"
    },
    {
      "period": "2000-Present",
      "title": "Cultural Renaissance",
      "description": "Digital technology enables new preservation methods. Ticinese appears in local media, music, and social media. Younger speakers use it as identity marker. Estimated 108,000 speakers (2011), with notable youth engagement in cultural preservation.",
      "significance": "Technology-enabled revitalization"
    }
  ],
  "cultural_facts": [
    {
      "category": "Family & Community",
      "title": "Multi-Generational Households",
      "description": "Traditional Ticinese families lived together across three or four generations. Grandparents (nòno, nonna), parents, children, and sometimes aunts and uncles shared homes. This structure reinforced dialect transmission, as elders spoke only Ticinese with grandchildren.",
      "vocabulary": ["nòno (grandfather)", "nonna (grandmother)", "fiol/fiola (son/daughter)", "familia (family)"]
    },
    {
      "category": "Agriculture",
      "title": "Alpine Dairy Farming",
      "description": "Dairy farming was the economic backbone of Ticino. In summer, farmers drove cattle to high mountain pastures (alp) for fresh grass. This transhumance tradition created unique vocabulary for alpine life, cheese-making, and mountain geography.",
      "vocabulary": ["vacca (cow)", "capra (goat)", "lat (milk)", "formagg (cheese)", "alp (alpine pasture)", "mungaa (to milk)"]
    },
    {
      "category": "Food Culture",
      "title": "Polenta and Alpine Cuisine",
      "description": "Cornmeal polenta was the staple food, eaten daily with cheese, milk, or butter. Sunday meals featured risotto or pasta. Chestnuts (castagne) were ground into flour during winter. Food culture defined social rhythms and seasonal celebrations.",
      "vocabulary": ["polenta (polenta)", "ris (rice)", "pan (bread)", "castagna (chestnut)", "formagg (cheese)"]
    },
    {
      "category": "Religion",
      "title": "Catholic Village Life",
      "description": "The Catholic Church structured community life. Village festivals celebrated patron saints. Church bells marked daily prayer times. Religious vocabulary permeated everyday speech, with blessings, prayers, and saint names in daily use.",
      "vocabulary": ["chiesa (church)", "festa (festival)", "Natal (Christmas)", "Pasqua (Easter)", "santa (saint)"]
    },
    {
      "category": "Architecture",
      "title": "Stone Houses & Rustic Barns",
      "description": "Traditional Ticinese homes were built of local stone with slate roofs. The ground floor housed the kitchen (cucina) with a large fireplace. Upper floors had bedrooms. Attached barns (stalla) sheltered animals. These structures still stand in mountain villages.",
      "vocabulary": ["cà (house)", "cucina (kitchen)", "stalla (barn)", "camin (fireplace)", "sass (stone)"]
    },
    {
      "category": "Work & Crafts",
      "title": "Traditional Occupations",
      "description": "Villages had specialized craftspeople: bakers (panaròtt), blacksmiths (favrett), carpenters (maestro da lègn), shepherds (pastùr), and cheese-makers (casee). Each trade had specific vocabulary and techniques passed through apprenticeship.",
      "vocabulary": ["panaròtt (baker)", "contadin (farmer)", "pastùr (shepherd)", "lavurà (to work)"]
    },
    {
      "category": "Seasons & Nature",
      "title": "Living by Alpine Seasons",
      "description": "Life followed strict seasonal patterns. Spring: planting gardens, taking cattle to pasture. Summer: harvesting, cheese-making. Autumn: harvesting chestnuts, preparing firewood. Winter: storytelling, indoor crafts, caring for animals in barns.",
      "vocabulary": ["primavera (spring)", "estate (summer)", "autün (autumn)", "invern (winter)"]
    },
    {
      "category": "Music & Dance",
      "title": "Folk Songs and Accordion Music",
      "description": "Village festivals featured accordion (fisarmonica) music and traditional dances. Folk songs told stories of emigration, mountain life, and love. Singing was communal, with everyone knowing traditional melodies passed through generations.",
      "vocabulary": ["cantà (to sing)", "balà (to dance)", "müsica (music)", "fisarmonica (accordion)", "canzùn (song)"]
    },
    {
      "category": "Weather & Storms",
      "title": "Alpine Weather Extremes",
      "description": "Mountain weather could change rapidly. Sudden storms (temporal) with thunder and lightning were feared but respected. Snow (neef) could isolate villages for weeks. Weather prediction was vital knowledge, read from clouds, wind direction, and animal behavior.",
      "vocabulary": ["temporal (storm)", "neef (snow)", "piöf (rain)", "fulminn (lightning)", "tùn (thunder)", "veent (wind)"]
    },
    {
      "category": "Emigration",
      "title": "The Great Ticinese Diaspora",
      "description": "Between 1850-1915, poverty drove tens of thousands from Ticino to America. Entire villages sent their young men overseas. They sent money home, maintaining ties through letters written in simple Italian but speaking Ticinese when they visited. Many never returned.",
      "vocabulary": ["partì (to leave)", "America (America)", "paes (village)", "luntàn (far away)", "torna (to return)"]
    },
    {
      "category": "Oral Literature",
      "title": "Storytelling Tradition",
      "description": "Winter evenings featured storytelling around the fireplace. Grandparents told folk tales of witches, dragons, and mountain spirits. These oral stories (istòrii) preserved cultural memory, moral lessons, and linguistic features specific to each valley.",
      "vocabulary": ["istòrii (stories)", "nonna conta (grandma tells)", "òrca (ogre/witch)", "cunto (tale)"]
    },
    {
      "category": "Markets & Trade",
      "title": "Weekly Village Markets",
      "description": "Saturday markets (mercaa) were social and economic centers. Farmers sold produce, cheese, and eggs. Craftspeople sold tools and cloth. News spread, marriages arranged, and political discussions held. Markets maintained village interconnection.",
      "vocabulary": ["mercaa (market)", "compra (to buy)", "vénder (to sell)", "sabad (Saturday)", "piazza (square)"]
    }
  ],
  "linguistic_features": [
    {
      "feature": "Dual Pronoun System",
      "description": "Ticinese requires both strong and weak pronouns for 2nd and 3rd person: 'Ti te magni' (You eat) uses both 'ti' (strong) and 'te' (weak). This double marking is mandatory and distinguishes Lombard dialects from Italian.",
      "example_ticinese": "Lü el magna (He eats)",
      "example_english": "Literally: 'He he-eats' - both pronouns required"
    },
    {
      "feature": "Four-Conjugation System",
      "description": "Unlike Italian's three conjugations, Ticinese preserves Latin's original four verb classes: -à (cantà/sing), -é (vedé/see), -er (bever/drink), -ì (dormì/sleep). This archaic feature links directly to Latin.",
      "example_ticinese": "cantà, vedé, bever, dormì",
      "example_english": "to sing, to see, to drink, to sleep"
    },
    {
      "feature": "Characteristic ö and ü Vowels",
      "description": "The umlaut vowels ö and ü distinguish Ticinese from Italian. These sounds developed through vowel shifts in Alpine isolation. Words like 'söna' (to smell/play) and 'nöff' (nine) are audibly distinct from Italian.",
      "example_ticinese": "söna, nöff, üsèi, cöör",
      "example_english": "smell/play, nine, birds, heart"
    },
    {
      "feature": "Negation with 'minga/miga'",
      "description": "Instead of Italian 'non', Ticinese uses post-verbal 'minga' or 'miga': 'Mi magni minga' (I don't eat). This Gallo-Italic feature connects to French 'ne...pas' patterns.",
      "example_ticinese": "Mi magni minga",
      "example_english": "I eat not = I don't eat"
    },
    {
      "feature": "Impersonal 'a' Particle",
      "description": "Existential and weather constructions require the particle 'a': 'A gh'è del pan' (There is bread), 'A piöf' (It's raining). This mandatory element has no Italian equivalent.",
      "example_ticinese": "A gh'è, A piöf",
      "example_english": "There is, It rains"
    }
  ],
  "geographical_context": {
    "primary_region": "Canton Ticino, Switzerland",
    "major_cities": ["Lugano", "Locarno", "Bellinzona", "Mendrisio"],
    "mountain_passes": ["St. Gotthard Pass", "San Bernardino Pass"],
    "lakes": ["Lake Lugano", "Lake Maggiore"],
    "climate": "Alpine with Mediterranean influences in southern valleys",
    "description": "Canton Ticino occupies the southern slopes of the Swiss Alps, where mountain valleys open toward Italy. This geography created both isolation (preserving dialect) and connection (Italian cultural influence). The dramatic landscape shaped vocabulary, with specific terms for mountain features, weather phenomena, and alpine ecology."
  }
}
