{
  "database_info": {
    "name": "Ticinese Vocabulary Database",
    "language": "Ticinese (Western Lombard Alpine Dialect)",
    "time_period": "1850-1915",
    "region": "Canton Ticino, Switzerland and Northern Lombardy, Italy",
    "iso_code": "lmo",
    "classification": "Indo-European → Romance → Gallo-Italic → Lombard → Western Lombard → Alpine Lombard → Ticinese",
    "version": "1.0",
    "last_updated": "2025-11-04",
    "total_entries": 19,
    "sources": "La Nona e l'Órca story + Perplexity Pro Research"
  },
  "vocabulary": [
    {
      "word_id": "TICIN_0001",
      "ticinese": "nonna",
      "english": "grandmother",
      "italian_standard": "nonna",
      "part_of_speech": "noun",
      "gender": "feminine",
      "number": "singular",
      "pronunciation_simple": "noh-nah",
      "pronunciation_ipa": "ˈnɔnːa",
      "category": "family",
      "subcategory": "grandparents",
      "usage_notes": "Common term for grandmother, identical to Standard Italian",
      "example_sentence": "La nonna la magna pan e formai",
      "example_translation": "The grandmother eats bread and cheese",
      "etymology_latin": "nonna",
      "etymology_notes": "From Latin nonna (nun, elderly woman), preserved unchanged",
      "regional_variants": ["nona", "nòna"],
      "frequency": "common",
      "time_period": "1200-present",
      "source": "La Nona e l'Órca story"
    },
    {
      "word_id": "TICIN_0002",
      "ticinese": "murà",
      "english": "wall",
      "italian_standard": "muro",
      "part_of_speech": "noun",
      "gender": "feminine",
      "number": "singular",
      "pronunciation_simple": "moo-rah",
      "pronunciation_ipa": "muˈra",
      "category": "architecture",
      "subcategory": "structures",
      "usage_notes": "Stone wall or building wall",
      "example_sentence": "La murà l'è vècia e grìsa",
      "example_translation": "The wall is old and gray",
      "etymology_latin": "murus",
      "etymology_notes": "From Latin murus → feminine form murà in Ticinese",
      "regional_variants": ["mur", "mura"],
      "frequency": "common",
      "time_period": "1200-present",
      "source": "La Nona e l'Órca story"
    },
    {
      "word_id": "TICIN_0003",
      "ticinese": "can",
      "english": "dog",
      "italian_standard": "cane",
      "part_of_speech": "noun",
      "gender": "masculine",
      "number": "singular",
      "pronunciation_simple": "kahn",
      "pronunciation_ipa": "kan",
      "category": "animals",
      "subcategory": "pets",
      "usage_notes": "Common word for dog",
      "example_sentence": "El can el baila",
      "example_translation": "The dog dances",
      "etymology_latin": "canis",
      "etymology_notes": "From Latin canis, shortened form typical of Lombard",
      "regional_variants": ["cagn"],
      "frequency": "common",
      "time_period": "1200-present",
      "source": "La Nona e l'Órca story"
    },
    {
      "word_id": "TICIN_0004",
      "ticinese": "gat",
      "english": "cat",
      "italian_standard": "gatto",
      "part_of_speech": "noun",
      "gender": "masculine",
      "number": "singular",
      "pronunciation_simple": "gaht",
      "pronunciation_ipa": "gat",
      "category": "animals",
      "subcategory": "pets",
      "usage_notes": "Common word for cat",
      "example_sentence": "El gat el söna",
      "example_translation": "The cat plays",
      "etymology_latin": "cattus",
      "etymology_notes": "From Late Latin cattus → gattus, shortened to gat",
      "regional_variants": ["gatt", "gatta (fem)"],
      "frequency": "common",
      "time_period": "1200-present",
      "source": "La Nona e l'Órca story"
    },
    {
      "word_id": "TICIN_0005",
      "ticinese": "baila",
      "english": "dance",
      "italian_standard": "ballare",
      "part_of_speech": "verb",
      "gender": "n/a",
      "number": "n/a",
      "pronunciation_simple": "bye-lah",
      "pronunciation_ipa": "ˈbajla",
      "category": "actions",
      "subcategory": "movement",
      "usage_notes": "Third person singular present tense 'dances'",
      "example_sentence": "El can el baila",
      "example_translation": "The dog dances",
      "etymology_latin": "ballare",
      "etymology_notes": "From Late Latin ballare (to dance), preserved with modified ending",
      "regional_variants": ["bala", "balare"],
      "frequency": "common",
      "time_period": "1200-present",
      "source": "La Nona e l'Órca story"
    },
    {
      "word_id": "TICIN_0006",
      "ticinese": "söna",
      "english": "play (music), sound",
      "italian_standard": "suonare",
      "part_of_speech": "verb",
      "gender": "n/a",
      "number": "n/a",
      "pronunciation_simple": "soo-nah",
      "pronunciation_ipa": "ˈsøna",
      "category": "actions",
      "subcategory": "music",
      "usage_notes": "Third person singular present tense 'plays'. Note the characteristic ö vowel of Ticinese",
      "example_sentence": "El gat el söna",
      "example_translation": "The cat plays",
      "etymology_latin": "sonare",
      "etymology_notes": "From Latin sonare → suonare, with characteristic Lombard ö",
      "regional_variants": ["sona", "sunare"],
      "frequency": "common",
      "time_period": "1200-present",
      "source": "La Nona e l'Órca story"
    },
    {
      "word_id": "TICIN_0007",
      "ticinese": "dìs",
      "english": "say, says",
      "italian_standard": "dire",
      "part_of_speech": "verb",
      "gender": "n/a",
      "number": "n/a",
      "pronunciation_simple": "dees",
      "pronunciation_ipa": "dis",
      "category": "actions",
      "subcategory": "communication",
      "usage_notes": "Third person singular present tense 'says'",
      "example_sentence": "La nonna la dìs, 'Bòn dì, amìs'",
      "example_translation": "The grandmother says, 'Good day, friends'",
      "etymology_latin": "dicit",
      "etymology_notes": "From Latin dicit → shortened to dis in Lombard",
      "regional_variants": ["dis", "dise"],
      "frequency": "common",
      "time_period": "1200-present",
      "source": "La Nona e l'Órca story"
    },
    {
      "word_id": "TICIN_0008",
      "ticinese": "ris",
      "english": "laugh, laughs",
      "italian_standard": "ridere",
      "part_of_speech": "verb",
      "gender": "n/a",
      "number": "n/a",
      "pronunciation_simple": "rees",
      "pronunciation_ipa": "ris",
      "category": "actions",
      "subcategory": "emotion",
      "usage_notes": "Third person singular present tense 'laughs'",
      "example_sentence": "El can el ris",
      "example_translation": "The dog laughs",
      "etymology_latin": "ridere",
      "etymology_notes": "From Latin ridere, heavily shortened in Lombard",
      "regional_variants": ["rid", "ride"],
      "frequency": "common",
      "time_period": "1200-present",
      "source": "La Nona e l'Órca story"
    },
    {
      "word_id": "TICIN_0009",
      "ticinese": "miorla",
      "english": "meow",
      "italian_standard": "miagolare",
      "part_of_speech": "verb",
      "gender": "n/a",
      "number": "n/a",
      "pronunciation_simple": "mee-or-lah",
      "pronunciation_ipa": "miˈɔrla",
      "category": "actions",
      "subcategory": "animal_sounds",
      "usage_notes": "Third person singular present tense 'meows'. Onomatopoeia for cat sound",
      "example_sentence": "El gat el miorla",
      "example_translation": "The cat meows",
      "etymology_latin": "onomatopoeia",
      "etymology_notes": "Onomatopoeic word imitating cat sound, regional Lombard form",
      "regional_variants": ["miaula", "gnaulare"],
      "frequency": "common",
      "time_period": "1200-present",
      "source": "La Nona e l'Órca story"
    },
    {
      "word_id": "TICIN_0010",
      "ticinese": "magna",
      "english": "eat, eats",
      "italian_standard": "mangiare",
      "part_of_speech": "verb",
      "gender": "n/a",
      "number": "n/a",
      "pronunciation_simple": "mahn-yah",
      "pronunciation_ipa": "ˈmaɲa",
      "category": "actions",
      "subcategory": "eating_drinking",
      "usage_notes": "Common verb for eating. Third person singular present tense 'eats'",
      "example_sentence": "La nonna la magna pan e formai",
      "example_translation": "The grandmother eats bread and cheese",
      "etymology_latin": "manducare",
      "etymology_notes": "From Latin manducare → Lombard magna, lost -ducare ending",
      "regional_variants": ["magnà", "magnare"],
      "frequency": "common",
      "time_period": "1200-present",
      "source": "La Nona e l'Órca story"
    },
    {
      "word_id": "TICIN_0011",
      "ticinese": "pan",
      "english": "bread",
      "italian_standard": "pane",
      "part_of_speech": "noun",
      "gender": "masculine",
      "number": "singular",
      "pronunciation_simple": "pahn",
      "pronunciation_ipa": "pan",
      "category": "food",
      "subcategory": "staples",
      "usage_notes": "Basic staple food",
      "example_sentence": "La nonna la magna pan e formai",
      "example_translation": "The grandmother eats bread and cheese",
      "etymology_latin": "panis",
      "etymology_notes": "From Latin panis, shortened final vowel",
      "regional_variants": ["pàn"],
      "frequency": "common",
      "time_period": "1200-present",
      "source": "La Nona e l'Órca story"
    },
    {
      "word_id": "TICIN_0012",
      "ticinese": "formai",
      "english": "cheese",
      "italian_standard": "formaggio",
      "part_of_speech": "noun",
      "gender": "masculine",
      "number": "singular",
      "pronunciation_simple": "for-my",
      "pronunciation_ipa": "forˈmaj",
      "category": "food",
      "subcategory": "dairy",
      "usage_notes": "Cheese, important in Alpine diet",
      "example_sentence": "La nonna la magna pan e formai",
      "example_translation": "The grandmother eats bread and cheese",
      "etymology_latin": "formaticus",
      "etymology_notes": "From Latin formaticus (molded, cheese) → formaggio → formai",
      "regional_variants": ["furmaj", "furmagg"],
      "frequency": "common",
      "time_period": "1200-present",
      "source": "La Nona e l'Órca story"
    },
    {
      "word_id": "TICIN_0013",
      "ticinese": "beve",
      "english": "drink, drinks",
      "italian_standard": "bere",
      "part_of_speech": "verb",
      "gender": "n/a",
      "number": "n/a",
      "pronunciation_simple": "beh-veh",
      "pronunciation_ipa": "ˈbɛve",
      "category": "actions",
      "subcategory": "eating_drinking",
      "usage_notes": "Third person singular present tense 'drinks'",
      "example_sentence": "La nonna la beve vin e aqua",
      "example_translation": "The grandmother drinks wine and water",
      "etymology_latin": "bibere",
      "etymology_notes": "From Latin bibere → bevere → beve",
      "regional_variants": ["bev", "bevare"],
      "frequency": "common",
      "time_period": "1200-present",
      "source": "La Nona e l'Órca story"
    },
    {
      "word_id": "TICIN_0014",
      "ticinese": "vin",
      "english": "wine",
      "italian_standard": "vino",
      "part_of_speech": "noun",
      "gender": "masculine",
      "number": "singular",
      "pronunciation_simple": "veen",
      "pronunciation_ipa": "vin",
      "category": "food",
      "subcategory": "beverages",
      "usage_notes": "Wine, common beverage",
      "example_sentence": "La nonna la beve vin e aqua",
      "example_translation": "The grandmother drinks wine and water",
      "etymology_latin": "vinum",
      "etymology_notes": "From Latin vinum, shortened final vowel",
      "regional_variants": ["vìn"],
      "frequency": "common",
      "time_period": "1200-present",
      "source": "La Nona e l'Órca story"
    },
    {
      "word_id": "TICIN_0015",
      "ticinese": "acqua",
      "english": "water",
      "italian_standard": "acqua",
      "part_of_speech": "noun",
      "gender": "feminine",
      "number": "singular",
      "pronunciation_simple": "ah-kwah",
      "pronunciation_ipa": "ˈakwa",
      "category": "food",
      "subcategory": "beverages",
      "usage_notes": "Water, essential beverage",
      "example_sentence": "La nonna la beve vin e aqua",
      "example_translation": "The grandmother drinks wine and water",
      "etymology_latin": "aqua",
      "etymology_notes": "From Latin aqua, preserved unchanged",
      "regional_variants": ["aqua", "eva"],
      "frequency": "common",
      "time_period": "1200-present",
      "source": "La Nona e l'Órca story"
    },
    {
      "word_id": "TICIN_0016",
      "ticinese": "canta",
      "english": "sing, sings",
      "italian_standard": "cantare",
      "part_of_speech": "verb",
      "gender": "n/a",
      "number": "n/a",
      "pronunciation_simple": "kan-tah",
      "pronunciation_ipa": "ˈkanta",
      "category": "actions",
      "subcategory": "music",
      "usage_notes": "Third person singular present tense 'sings'",
      "example_sentence": "La nonna la canta e la balla",
      "example_translation": "The grandmother sings and dances",
      "etymology_latin": "cantare",
      "etymology_notes": "From Latin cantare, preserved with shortened ending",
      "regional_variants": ["cantà", "cantare"],
      "frequency": "common",
      "time_period": "1200-present",
      "source": "La Nona e l'Órca story"
    },
    {
      "word_id": "TICIN_0017",
      "ticinese": "balla",
      "english": "dance, dances",
      "italian_standard": "ballare",
      "part_of_speech": "verb",
      "gender": "n/a",
      "number": "n/a",
      "pronunciation_simple": "bal-lah",
      "pronunciation_ipa": "ˈbala",
      "category": "actions",
      "subcategory": "movement",
      "usage_notes": "Third person singular present tense 'dances'",
      "example_sentence": "La nonna la canta e la balla",
      "example_translation": "The grandmother sings and dances",
      "etymology_latin": "ballare",
      "etymology_notes": "From Late Latin ballare, preserved",
      "regional_variants": ["balà", "ballare"],
      "frequency": "common",
      "time_period": "1200-present",
      "source": "La Nona e l'Órca story"
    },
    {
      "word_id": "TICIN_0018",
      "ticinese": "dorm",
      "english": "sleep, sleeps",
      "italian_standard": "dormire",
      "part_of_speech": "verb",
      "gender": "n/a",
      "number": "n/a",
      "pronunciation_simple": "dohrm",
      "pronunciation_ipa": "dɔrm",
      "category": "actions",
      "subcategory": "rest",
      "usage_notes": "Third person singular present tense 'sleeps'",
      "example_sentence": "La nonna la dorm in sul curtiil",
      "example_translation": "The grandmother sleeps in the courtyard",
      "etymology_latin": "dormire",
      "etymology_notes": "From Latin dormire, heavily shortened",
      "regional_variants": ["dormì", "dorme"],
      "frequency": "common",
      "time_period": "1200-present",
      "source": "La Nona e l'Órca story"
    },
    {
      "word_id": "TICIN_0019",
      "ticinese": "curtiil",
      "english": "courtyard",
      "italian_standard": "cortile",
      "part_of_speech": "noun",
      "gender": "masculine",
      "number": "singular",
      "pronunciation_simple": "koor-teel",
      "pronunciation_ipa": "kurˈtil",
      "category": "architecture",
      "subcategory": "spaces",
      "usage_notes": "Courtyard or outdoor enclosed space",
      "example_sentence": "La nonna la dorm in sul curtiil",
      "example_translation": "The grandmother sleeps in the courtyard",
      "etymology_latin": "cohors/cortis",
      "etymology_notes": "From Latin cohors → cortis → curtil → curtiil",
      "regional_variants": ["curtil", "curtì"],
      "frequency": "common",
      "time_period": "1200-present",
      "source": "La Nona e l'Órca story"
    }
  ]
}
