{
  "database_info": {
    "name": "Ticinese A1 Stories - Comprehensible Input",
    "language": "Ticinese (Western Lombard Alpine Dialect)",
    "time_period": "1850-1915",
    "level": "A1 (Beginner)",
    "methodology": "Stephen Krashen's Input Hypothesis (comprehensible input)",
    "version": "1.0",
    "last_updated": "2025-11-04",
    "total_stories": 10,
    "notes": "Stories designed for natural language acquisition through comprehensible input, similar to Café in Berlin series. Each story uses high-frequency vocabulary with 90%+ comprehension rate."
  },
  "stories": [
    {
      "story_id": "STORY_001",
      "title": "El Can de Maria",
      "title_english": "Maria's Dog",
      "level": "A1",
      "word_count": 85,
      "unique_words": 35,
      "target_grammar": ["subject pronouns", "present tense", "possessives"],
      "text": "Maria la gh'ha on can. El can el se ciama Bello. Bello l'è on can grand e ross. Lü el gh'ha quater ann.\n\nOgni matin, Maria e Bello i van in del bosch. Bello el cùrra. Maria la camina. Bello l'è content.\n\nIn del bosch, Bello el ved on gat. El gat l'è picol e negher. Bello el völ giügà con el gat. Ma el gat el gh'ha paüra. El gat el cùrra soura on alber.\n\nMaria la dìs: \"Bello, vegnì chì!\" Bello el torna da Maria. Lü l'è on can bon.",
      "translation": "Maria has a dog. The dog is called Bello. Bello is a big, red dog. He is four years old.\n\nEvery morning, Maria and Bello go into the forest. Bello runs. Maria walks. Bello is happy.\n\nIn the forest, Bello sees a cat. The cat is small and black. Bello wants to play with the cat. But the cat is afraid. The cat runs up a tree.\n\nMaria says: \"Bello, come here!\" Bello returns to Maria. He is a good dog.",
      "vocabulary_focus": [
        {"ticinese": "can", "english": "dog"},
        {"ticinese": "grand", "english": "big"},
        {"ticinese": "ross", "english": "red"},
        {"ticinese": "matin", "english": "morning"},
        {"ticinese": "bosch", "english": "forest"},
        {"ticinese": "cùrra", "english": "runs"},
        {"ticinese": "camina", "english": "walks"},
        {"ticinese": "content", "english": "happy"},
        {"ticinese": "gat", "english": "cat"},
        {"ticinese": "picol", "english": "small"},
        {"ticinese": "negher", "english": "black"},
        {"ticinese": "paüra", "english": "fear"},
        {"ticinese": "alber", "english": "tree"},
        {"ticinese": "vegnì", "english": "come"},
        {"ticinese": "bon", "english": "good"}
      ],
      "comprehension_questions": [
        "Comè el se ciama el can de Maria?",
        "De che colur l'è Bello?",
        "Indove i van Maria e Bello?",
        "Cossa el fa el gat quand el ved Bello?"
      ],
      "cultural_notes": "Dogs were essential companions in Alpine Ticino villages, helping with herding and guarding homes."
    },
    {
      "story_id": "STORY_002",
      "title": "El Panaròtt",
      "title_english": "The Baker",
      "level": "A1",
      "word_count": 90,
      "unique_words": 38,
      "target_grammar": ["present tense verbs", "articles", "food vocabulary"],
      "text": "El nòno Giuseppe l'è on panaròtt. Lü el lavura in de la panateria ogni di. El nòno el se leva prèst, a le cinch del matin.\n\nLü el fa el pan, i panett, e i biscott. El pan l'è cald e bon. El pan el söna buna.\n\nOgni matin, la nonna Maria la va in de la panateria. Lee la compra tri panett e on kil de pan. El nòno el dìs: \"Bon di, Maria!\"\n\nLa nonna la torna a cà. Lee la magna on panett con lat e miell. El panett l'è dolc. La nonna l'è contenta.",
      "translation": "Grandpa Giuseppe is a baker. He works in the bakery every day. Grandpa gets up early, at five in the morning.\n\nHe makes bread, rolls, and biscuits. The bread is warm and good. The bread smells good.\n\nEvery morning, Grandma Maria goes to the bakery. She buys three rolls and one kilo of bread. Grandpa says: \"Good morning, Maria!\"\n\nGrandma returns home. She eats a roll with milk and honey. The roll is sweet. Grandma is happy.",
      "vocabulary_focus": [
        {"ticinese": "panaròtt", "english": "baker"},
        {"ticinese": "lavura", "english": "works"},
        {"ticinese": "panateria", "english": "bakery"},
        {"ticinese": "prèst", "english": "early"},
        {"ticinese": "cinch", "english": "five"},
        {"ticinese": "pan", "english": "bread"},
        {"ticinese": "panett", "english": "roll"},
        {"ticinese": "biscott", "english": "biscuit"},
        {"ticinese": "cald", "english": "warm"},
        {"ticinese": "söna", "english": "smells"},
        {"ticinese": "compra", "english": "buys"},
        {"ticinese": "torna", "english": "returns"},
        {"ticinese": "lat", "english": "milk"},
        {"ticinese": "miell", "english": "honey"},
        {"ticinese": "dolc", "english": "sweet"}
      ],
      "comprehension_questions": [
        "Cossa el fa el nòno Giuseppe?",
        "A che ora el se leva?",
        "Cossa la compra la nonna?",
        "Con cossa la magna el panett la nonna?"
      ],
      "cultural_notes": "Bakeries were central to village life in Ticino. Fresh bread was baked daily, and the baker started work before dawn."
    },
    {
      "story_id": "STORY_003",
      "title": "La Cà Nova",
      "title_english": "The New House",
      "level": "A1",
      "word_count": 95,
      "unique_words": 42,
      "target_grammar": ["location prepositions", "house vocabulary", "there is/are"],
      "text": "La familia Rossi la gh'ha ona cà nova. La cà l'è grand e bella. L'è in del paes, visìn a la chiesa.\n\nIn de la cà a gh'è quater camer. A gh'è ona cucina, ona sala, e duu camer da lett. La cucina l'è in bass. I camer da lett i sùn soura.\n\nIn de la cucina a gh'è on tavol grand, ses sedi, e on föög. La mama la cucina polenta e ris. El pà el dìs: \"El pràns l'è pront!\"\n\nLa familia la magna insema. Lee la gh'ha la nonna, el nòno, el pà, la mama, e tri fiöö. Tücc i sùn content in de la cà nova.",
      "translation": "The Rossi family has a new house. The house is big and beautiful. It's in the village, near the church.\n\nIn the house there are four rooms. There is a kitchen, a living room, and two bedrooms. The kitchen is downstairs. The bedrooms are upstairs.\n\nIn the kitchen there is a big table, six chairs, and a stove. Mom cooks polenta and rice. Dad says: \"Lunch is ready!\"\n\nThe family eats together. They have grandma, grandpa, dad, mom, and three children. Everyone is happy in the new house.",
      "vocabulary_focus": [
        {"ticinese": "cà", "english": "house"},
        {"ticinese": "nova", "english": "new"},
        {"ticinese": "familia", "english": "family"},
        {"ticinese": "paes", "english": "village"},
        {"ticinese": "visìn", "english": "near"},
        {"ticinese": "chiesa", "english": "church"},
        {"ticinese": "camera", "english": "room"},
        {"ticinese": "cucina", "english": "kitchen"},
        {"ticinese": "sala", "english": "living room"},
        {"ticinese": "lett", "english": "bed"},
        {"ticinese": "bass", "english": "down"},
        {"ticinese": "soura", "english": "up"},
        {"ticinese": "tavol", "english": "table"},
        {"ticinese": "sedia", "english": "chair"},
        {"ticinese": "föög", "english": "fire/stove"},
        {"ticinese": "pràns", "english": "lunch"},
        {"ticinese": "pront", "english": "ready"},
        {"ticinese": "insema", "english": "together"}
      ],
      "comprehension_questions": [
        "Indove l'è la cà de la familia Rossi?",
        "Quante camer a gh'è?",
        "Cossa la cucina la mama?",
        "Quanti fiöö i gh'ha?"
      ],
      "cultural_notes": "Multi-generational households were common in rural Ticino, with grandparents living with their children and grandchildren."
    },
    {
      "story_id": "STORY_004",
      "title": "Al Mercaa",
      "title_english": "At the Market",
      "level": "A1",
      "word_count": 88,
      "unique_words": 40,
      "target_grammar": ["shopping vocabulary", "quantities", "colors"],
      "text": "Ogni sabad, la nonna la va al mercaa. El mercaa l'è in de la piazza del paes. A gh'è molta gent.\n\nLa nonna la compra formagg, uo, e lat dal contadin. Lee la compra anca frutt e verdüra. Lee la völ pomm ross, per giald, e carott arancio.\n\nEl contadin el dìs: \"Bon di, signora! Cossa la völ?\" La nonna la dìs: \"Mi vöri tri kil de pomm, duu kil de per, e on kil de carott.\"\n\nEl contadin el met tütt in del sass. La nonna la paga. Lee la dìs: \"Gràssi! A riverla!\" El contadin el dìs: \"Bona giurnaa!\"",
      "translation": "Every Saturday, grandma goes to the market. The market is in the village square. There are many people.\n\nGrandma buys cheese, eggs, and milk from the farmer. She also buys fruit and vegetables. She wants red apples, yellow pears, and orange carrots.\n\nThe farmer says: \"Good morning, ma'am! What would you like?\" Grandma says: \"I would like three kilos of apples, two kilos of pears, and one kilo of carrots.\"\n\nThe farmer puts everything in the bag. Grandma pays. She says: \"Thank you! Goodbye!\" The farmer says: \"Good day!\"",
      "vocabulary_focus": [
        {"ticinese": "sabad", "english": "Saturday"},
        {"ticinese": "mercaa", "english": "market"},
        {"ticinese": "piazza", "english": "square"},
        {"ticinese": "gent", "english": "people"},
        {"ticinese": "formagg", "english": "cheese"},
        {"ticinese": "uo", "english": "eggs"},
        {"ticinese": "contadin", "english": "farmer"},
        {"ticinese": "frutt", "english": "fruit"},
        {"ticinese": "verdüra", "english": "vegetables"},
        {"ticinese": "pomm", "english": "apples"},
        {"ticinese": "per", "english": "pears"},
        {"ticinese": "carott", "english": "carrots"},
        {"ticinese": "giald", "english": "yellow"},
        {"ticinese": "arancio", "english": "orange"},
        {"ticinese": "kil", "english": "kilo"},
        {"ticinese": "sass", "english": "bag"},
        {"ticinese": "paga", "english": "pays"},
        {"ticinese": "gràssi", "english": "thank you"}
      ],
      "comprehension_questions": [
        "Quand la va al mercaa la nonna?",
        "Indove l'è el mercaa?",
        "Cossa la compra la nonna?",
        "De che colur i sùn i pomm?"
      ],
      "cultural_notes": "Weekly markets were essential social and economic gatherings in Ticinese villages, where farmers sold produce directly to townspeople."
    },
    {
      "story_id": "STORY_005",
      "title": "La Giurnaa de Carlo",
      "title_english": "Carlo's Day",
      "level": "A1",
      "word_count": 92,
      "unique_words": 45,
      "target_grammar": ["daily routine", "time expressions", "reflexive verbs"],
      "text": "Carlo l'è on fiöö de sett ann. Lü el va a la scöla ogni di.\n\nEl matin, Carlo el se leva a le sett. Lü el se lava la facia e i man. Lü el se vest. Lü el magna pan con butt e miell per la colazion.\n\nA le ott, Carlo el va a la scöla. La scöla l'è visìn a cà. Lü el camina cinch minut. In de la scöla, Carlo el impara a legga e a scrivaaa.\n\nA mesdì, Carlo el torna a cà. Lü el magna con la familia. El pomerig, lü el giöga con i amis. La sera, lü el fa i compitt. A le nöff, lü el va a lett. Bona nott, Carlo!",
      "translation": "Carlo is a seven-year-old boy. He goes to school every day.\n\nIn the morning, Carlo gets up at seven. He washes his face and hands. He gets dressed. He eats bread with butter and honey for breakfast.\n\nAt eight, Carlo goes to school. The school is near home. He walks five minutes. At school, Carlo learns to read and write.\n\nAt noon, Carlo returns home. He eats with the family. In the afternoon, he plays with friends. In the evening, he does homework. At nine, he goes to bed. Good night, Carlo!",
      "vocabulary_focus": [
        {"ticinese": "fiöö", "english": "boy/child"},
        {"ticinese": "sett", "english": "seven"},
        {"ticinese": "ann", "english": "years"},
        {"ticinese": "scöla", "english": "school"},
        {"ticinese": "se leva", "english": "gets up"},
        {"ticinese": "se lava", "english": "washes"},
        {"ticinese": "facia", "english": "face"},
        {"ticinese": "man", "english": "hands"},
        {"ticinese": "se vest", "english": "gets dressed"},
        {"ticinese": "butt", "english": "butter"},
        {"ticinese": "colazion", "english": "breakfast"},
        {"ticinese": "ott", "english": "eight"},
        {"ticinese": "minut", "english": "minutes"},
        {"ticinese": "impara", "english": "learns"},
        {"ticinese": "legga", "english": "read"},
        {"ticinese": "scrivaaa", "english": "write"},
        {"ticinese": "mesdì", "english": "noon"},
        {"ticinese": "pomerig", "english": "afternoon"},
        {"ticinese": "giöga", "english": "plays"},
        {"ticinese": "amis", "english": "friends"},
        {"ticinese": "compitt", "english": "homework"},
        {"ticinese": "nöff", "english": "nine"}
      ],
      "comprehension_questions": [
        "Quanti ann el gh'ha Carlo?",
        "A che ora el se leva?",
        "Cossa el magna per la colazion?",
        "Cossa el fa el pomerig?"
      ],
      "cultural_notes": "Children in rural Ticino often walked to nearby village schools and returned home for the midday meal with family."
    },
    {
      "story_id": "STORY_006",
      "title": "El Temporal",
      "title_english": "The Storm",
      "level": "A1",
      "word_count": 87,
      "unique_words": 38,
      "target_grammar": ["weather vocabulary", "past tense introduction", "emotions"],
      "text": "Ier l'era ona bella giurnaa. El suu el brilava. El cél l'era blöö. I fiöö i giögaven foeura.\n\nMa el pomerig, el temp el cambia. El cél el deventa scüür. I nìgul i arriven. El veent el comenza a soffià fort.\n\nPoi el piöf! L'acqua la cad dal cél. I fulminn i sùn luminuus. El tùn el fa röümuur. Tücc i torna denter in de la cà.\n\nLa mama la dìs: \"Stè tranquill, fiöö! El temporal el passa prèst.\" I fiöö i gh'han on poo de paüra. Ma lor i sùn sicüür con la mama. Dop mesdora, el temporal el finiss. El suu el torna.",
      "translation": "Yesterday was a beautiful day. The sun was shining. The sky was blue. The children were playing outside.\n\nBut in the afternoon, the weather changes. The sky becomes dark. The clouds arrive. The wind begins to blow hard.\n\nThen it rains! Water falls from the sky. The lightning is bright. The thunder makes noise. Everyone goes back inside the house.\n\nMom says: \"Stay calm, children! The storm passes quickly.\" The children are a little afraid. But they are safe with mom. After half an hour, the storm ends. The sun returns.",
      "vocabulary_focus": [
        {"ticinese": "ier", "english": "yesterday"},
        {"ticinese": "giurnaa", "english": "day"},
        {"ticinese": "suu", "english": "sun"},
        {"ticinese": "brilava", "english": "was shining"},
        {"ticinese": "cél", "english": "sky"},
        {"ticinese": "blöö", "english": "blue"},
        {"ticinese": "foeura", "english": "outside"},
        {"ticinese": "temp", "english": "weather"},
        {"ticinese": "cambia", "english": "changes"},
        {"ticinese": "scüür", "english": "dark"},
        {"ticinese": "nìgul", "english": "clouds"},
        {"ticinese": "veent", "english": "wind"},
        {"ticinese": "soffià", "english": "blow"},
        {"ticinese": "fort", "english": "hard/strong"},
        {"ticinese": "piöf", "english": "rains"},
        {"ticinese": "acqua", "english": "water"},
        {"ticinese": "fulminn", "english": "lightning"},
        {"ticinese": "tùn", "english": "thunder"},
        {"ticinese": "denter", "english": "inside"},
        {"ticinese": "tranquill", "english": "calm"},
        {"ticinese": "temporal", "english": "storm"},
        {"ticinese": "sicüür", "english": "safe"}
      ],
      "comprehension_questions": [
        "Comè l'era el temp ier?",
        "Cossa el fa el veent?",
        "Indove i van i fiöö quand el piöf?",
        "Chi el dìs 'Stè tranquill'?"
      ],
      "cultural_notes": "Alpine storms in Ticino could be sudden and intense, with families taking shelter together in their stone houses."
    },
    {
      "story_id": "STORY_007",
      "title": "La Festa del Paes",
      "title_english": "The Village Festival",
      "level": "A1",
      "word_count": 98,
      "unique_words": 48,
      "target_grammar": ["celebration vocabulary", "food and activities", "there is/are"],
      "text": "Domà l'è la festa del paes. Tütt el paes l'è content. A gh'è müsica, balà, e mangià bon.\n\nIn de la piazza a gh'è tavul grand con tant mangià. A gh'è polenta, ris, formagg, salami, e pan. A gh'è anca dolc: torta, biscott, e gelaa.\n\nI omm i sönen la müsica con la chitarra e la fisarmonica. La gent la balla e la canta. I fiöö i cùrren e i giögen.\n\nLa sera, a gh'è el föög d'artifici. I color i sùn ross, blöö, verd, e giald. Tütt i varden sü in del cél. I fiöö i disen: \"Ohh! Ahh!\" L'è ona bella festa!",
      "translation": "Tomorrow is the village festival. The whole village is happy. There is music, dancing, and good food.\n\nIn the square there are big tables with lots of food. There is polenta, rice, cheese, salami, and bread. There are also sweets: cake, biscuits, and ice cream.\n\nThe men play music with guitar and accordion. People dance and sing. The children run and play.\n\nIn the evening, there are fireworks. The colors are red, blue, green, and yellow. Everyone looks up at the sky. The children say: \"Ooh! Ahh!\" It's a beautiful festival!",
      "vocabulary_focus": [
        {"ticinese": "domà", "english": "tomorrow"},
        {"ticinese": "festa", "english": "festival/party"},
        {"ticinese": "müsica", "english": "music"},
        {"ticinese": "balà", "english": "dance/dancing"},
        {"ticinese": "mangià", "english": "food/eating"},
        {"ticinese": "tant", "english": "lots/much"},
        {"ticinese": "polenta", "english": "polenta"},
        {"ticinese": "ris", "english": "rice"},
        {"ticinese": "salami", "english": "salami"},
        {"ticinese": "dolc", "english": "sweets"},
        {"ticinese": "torta", "english": "cake"},
        {"ticinese": "gelaa", "english": "ice cream"},
        {"ticinese": "omm", "english": "men"},
        {"ticinese": "sönen", "english": "play (music)"},
        {"ticinese": "chitarra", "english": "guitar"},
        {"ticinese": "fisarmonica", "english": "accordion"},
        {"ticinese": "balla", "english": "dances"},
        {"ticinese": "canta", "english": "sings"},
        {"ticinese": "föög d'artifici", "english": "fireworks"},
        {"ticinese": "color", "english": "colors"},
        {"ticinese": "verd", "english": "green"},
        {"ticinese": "varden", "english": "look/watch"}
      ],
      "comprehension_questions": [
        "Quand l'è la festa?",
        "Che mangià a gh'è?",
        "Cossa i fa i omm?",
        "De che color i sùn i föög d'artifici?"
      ],
      "cultural_notes": "Village festivals (sagre) were important annual celebrations featuring traditional foods, music, and community gathering."
    },
    {
      "story_id": "STORY_008",
      "title": "La Vacca de Giovanni",
      "title_english": "Giovanni's Cow",
      "level": "A1",
      "word_count": 93,
      "unique_words": 41,
      "target_grammar": ["farm animals", "daily farm routine", "possession"],
      "text": "Giovanni l'è on contadin. Lü el gh'ha tri vacc, ses capr, e des gajinn. El matin, lü el mung i vacc e el dà mangià a tütt i bestii.\n\nLa sò vacca preferida la se ciama Stella. Stella l'è ona vacca grand e bruna. Lee la dà tant lat ogni di. El lat l'è bianch e bon.\n\nOgni di, Giovanni el porta i vacc e i capr al prat. Lor i magnen l'erba fresca. El pomerig, lor i torna in de la stalla.\n\nLa sera, Giovanni el mung i vacc ancamò ona volta. Lü el dìs: \"Bona nott, Stella! Gràssi per el lat!\" Stella l'è ona vacca bona e tranquilla.",
      "translation": "Giovanni is a farmer. He has three cows, six goats, and ten chickens. In the morning, he milks the cows and gives food to all the animals.\n\nHis favorite cow is called Stella. Stella is a big brown cow. She gives lots of milk every day. The milk is white and good.\n\nEvery day, Giovanni takes the cows and goats to the meadow. They eat fresh grass. In the afternoon, they return to the barn.\n\nIn the evening, Giovanni milks the cows again one more time. He says: \"Good night, Stella! Thank you for the milk!\" Stella is a good and calm cow.",
      "vocabulary_focus": [
        {"ticinese": "contadin", "english": "farmer"},
        {"ticinese": "vacca", "english": "cow"},
        {"ticinese": "capra", "english": "goat"},
        {"ticinese": "gajinna", "english": "chicken"},
        {"ticinese": "mung", "english": "milks"},
        {"ticinese": "bestii", "english": "animals"},
        {"ticinese": "preferida", "english": "favorite"},
        {"ticinese": "bruna", "english": "brown"},
        {"ticinese": "lat", "english": "milk"},
        {"ticinese": "bianch", "english": "white"},
        {"ticinese": "porta", "english": "takes/brings"},
        {"ticinese": "prat", "english": "meadow"},
        {"ticinese": "erba", "english": "grass"},
        {"ticinese": "fresca", "english": "fresh"},
        {"ticinese": "stalla", "english": "barn"},
        {"ticinese": "ancamò", "english": "again/still"},
        {"ticinese": "volta", "english": "time"}
      ],
      "comprehension_questions": [
        "Quante vacc el gh'ha Giovanni?",
        "Comè la se ciama la vacca preferida?",
        "De che colur l'è Stella?",
        "Indove i van i vacc ogni di?"
      ],
      "cultural_notes": "Alpine dairy farming was central to Ticinese economy. Cows were taken to high mountain pastures in summer for fresh grass."
    },
    {
      "story_id": "STORY_009",
      "title": "El Natal in Montagna",
      "title_english": "Christmas in the Mountains",
      "level": "A1",
      "word_count": 96,
      "unique_words": 47,
      "target_grammar": ["winter vocabulary", "holiday traditions", "family activities"],
      "text": "L'è el vint e cinch de dicember. L'è Natal! Foeura l'è freedd e a gh'è neef. Tütt l'è bianch.\n\nDenter in de la cà, la familia l'è insema. El föög el brüsa in del camin. La cà l'è calda. L'alber de Natal l'è grand e bell. El gh'ha mòlt lüs e decorazion.\n\nLa nonna la fa i biscott de Natal. I sönen de canell e vaniglia. El nòno el conta istòrii vècc ai fiöö. I fiöö i scólten con atenzion.\n\nLa sera, la familia la magna insema. A gh'è arrosto, polenta, e dolc. Dop magnaa, lor i canten i canzùn de Natal. Tücc i sùn content. Bun Natal!",
      "translation": "It's the twenty-fifth of December. It's Christmas! Outside it's cold and there's snow. Everything is white.\n\nInside the house, the family is together. The fire burns in the fireplace. The house is warm. The Christmas tree is big and beautiful. It has many lights and decorations.\n\nGrandma makes Christmas cookies. They smell of cinnamon and vanilla. Grandpa tells old stories to the children. The children listen with attention.\n\nIn the evening, the family eats together. There is roast, polenta, and dessert. After eating, they sing Christmas songs. Everyone is happy. Merry Christmas!",
      "vocabulary_focus": [
        {"ticinese": "dicember", "english": "December"},
        {"ticinese": "Natal", "english": "Christmas"},
        {"ticinese": "freedd", "english": "cold"},
        {"ticinese": "neef", "english": "snow"},
        {"ticinese": "bianch", "english": "white"},
        {"ticinese": "denter", "english": "inside"},
        {"ticinese": "föög", "english": "fire"},
        {"ticinese": "brüsa", "english": "burns"},
        {"ticinese": "camin", "english": "fireplace"},
        {"ticinese": "calda", "english": "warm"},
        {"ticinese": "alber", "english": "tree"},
        {"ticinese": "lüs", "english": "lights"},
        {"ticinese": "decorazion", "english": "decorations"},
        {"ticinese": "biscott", "english": "cookies"},
        {"ticinese": "canell", "english": "cinnamon"},
        {"ticinese": "vaniglia", "english": "vanilla"},
        {"ticinese": "conta", "english": "tells"},
        {"ticinese": "istòrii", "english": "stories"},
        {"ticinese": "vècc", "english": "old"},
        {"ticinese": "scólten", "english": "listen"},
        {"ticinese": "atenzion", "english": "attention"},
        {"ticinese": "arrosto", "english": "roast"},
        {"ticinese": "canzùn", "english": "songs"}
      ],
      "comprehension_questions": [
        "Che temp el fa foeura?",
        "Comè l'è l'alber de Natal?",
        "Cossa la fa la nonna?",
        "Cossa lor i canten dop magnaa?"
      ],
      "cultural_notes": "Christmas in Alpine Ticino featured family gatherings around the fireplace, traditional cookies, and carol singing after the feast."
    },
    {
      "story_id": "STORY_010",
      "title": "La Prima Primavera",
      "title_english": "The First Spring",
      "level": "A1",
      "word_count": 91,
      "unique_words": 44,
      "target_grammar": ["seasons", "nature vocabulary", "change and growth"],
      "text": "L'invern l'è finìd. Adess l'è primavera! El temp el deventa pü cald. El suu el brilla. El neef el se sqüaja.\n\nIn del bosch, i alber i gh'han nöff föj verd. I fiùu i comenzen a crèssa. A gh'è fiùu giald, ross, e violett. I sùn bèi!\n\nI üsèi i canten. Lor i sùn content. I farfàll i volen. I aba i fan el miell.\n\nLa gent la lavura in del ort. Lor i pianten pomodor, insalaa, e carott. I fiöö i giögen foeura. Lor i cùrren in del prat. La primavera l'è ona bella stagion!\n\nEl nòno el dìs: \"El bosch el se desveja. La vita la torna!\"",
      "translation": "Winter is over. Now it's spring! The weather becomes warmer. The sun shines. The snow melts.\n\nIn the forest, the trees have new green leaves. The flowers begin to grow. There are yellow, red, and purple flowers. They are beautiful!\n\nThe birds sing. They are happy. The butterflies fly. The bees make honey.\n\nPeople work in the garden. They plant tomatoes, lettuce, and carrots. The children play outside. They run in the meadow. Spring is a beautiful season!\n\nGrandpa says: \"The forest awakens. Life returns!\"",
      "vocabulary_focus": [
        {"ticinese": "invern", "english": "winter"},
        {"ticinese": "finìd", "english": "finished/over"},
        {"ticinese": "adess", "english": "now"},
        {"ticinese": "primavera", "english": "spring"},
        {"ticinese": "pü cald", "english": "warmer"},
        {"ticinese": "sqüaja", "english": "melts"},
        {"ticinese": "föj", "english": "leaves"},
        {"ticinese": "verd", "english": "green"},
        {"ticinese": "fiùu", "english": "flowers"},
        {"ticinese": "crèssa", "english": "grow"},
        {"ticinese": "violett", "english": "purple"},
        {"ticinese": "bèi", "english": "beautiful"},
        {"ticinese": "üsèi", "english": "birds"},
        {"ticinese": "farfàll", "english": "butterflies"},
        {"ticinese": "volen", "english": "fly"},
        {"ticinese": "aba", "english": "bees"},
        {"ticinese": "miell", "english": "honey"},
        {"ticinese": "ort", "english": "garden"},
        {"ticinese": "pianten", "english": "plant"},
        {"ticinese": "pomodor", "english": "tomatoes"},
        {"ticinese": "insalaa", "english": "lettuce"},
        {"ticinese": "stagion", "english": "season"},
        {"ticinese": "desveja", "english": "awakens"},
        {"ticinese": "vita", "english": "life"}
      ],
      "comprehension_questions": [
        "Che stagion l'è adess?",
        "De che colur i sùn i fiùu?",
        "Cossa i fa i üsèi?",
        "Cossa la gent la pianta in del ort?"
      ],
      "cultural_notes": "Spring was celebrated in Ticino as the return of life after harsh Alpine winters, with families planting gardens and enjoying the outdoors."
    }
  ]
}
